url,name,height_in,weight,position,transfer_stars,transfer_rating,hs_stars,hs_rating,eligibility,old_school,new_school
https://247sports.com/Player/TJ-Fiailoa-75686/,T.J. Fiailoa,76.0,340,,,,3.0,0.8166,Immediate,Louisiana-Monroe,
https://247sports.com/Player/McKenzie-Milton-78624/,McKenzie Milton,71.0,185,DUAL,4.0,0.9200,3.0,0.8362,,UCF,Florida State
https://247sports.com/Player/Jawon-Pass-33473/,Jawon Pass,76.0,209,DUAL,,,4.0,0.9209,Immediate,Louisville,
https://247sports.com/Player/Kasim-Hill-33986/,Kasim Hill,74.0,234,PRO,,,4.0,0.9110,Immediate,Tennessee,Rhode Island
https://247sports.com/Player/Garrett-Shrader-46038605/,Garrett Shrader,76.5,215,DUAL,,,4.0,0.9106,,Mississippi State,
https://247sports.com/Player/James-Foster-86492/,James Foster,75.0,217,DUAL,,,4.0,0.9055,,Texas A&amp;M,Charlotte
https://247sports.com/Player/Quincy-Patterson-93325/,Quincy Patterson,76.0,232,DUAL,,,4.0,0.9048,,Virginia Tech,
https://247sports.com/Player/DWan-Mathis-82439/,D'Wan Mathis,78.0,205,PRO,,,4.0,0.8992,,Georgia,Temple
https://247sports.com/Player/Peter-Parrish-46043259/,Peter Parrish,73.0,198,DUAL,,,4.0,0.8988,,LSU,Memphis
https://247sports.com/Player/James-Graham-91927/,James Graham,73.0,180,DUAL,,,4.0,0.8958,,Georgia Tech,Georgia Southern
https://247sports.com/Player/Grant-Tisdale-90288/,Grant Tisdale,73.0,204,DUAL,,,4.0,0.8925,,Ole Miss,
https://247sports.com/Player/Jalen-Mayden-56662/,Jalen Mayden,74.0,215,DUAL,,,4.0,0.8917,,Mississippi State,
https://247sports.com/Player/Ty-Evans-46038038/,Ty Evans,74.0,192,PRO,,,3.0,0.8830,,NC State,
https://247sports.com/Player/Chase-Brice-68703/,Chase Brice,75.0,230,PRO,,,3.0,0.8818,,Duke,
https://247sports.com/Player/Kevaris-Thomas-45573422/,Kevaris Thomas,75.0,230,DUAL,,,3.0,0.8667,,Western Kentucky,
https://247sports.com/Player/Tee-Webb-82510/,Tee Webb,76.0,185,PRO,,,3.0,0.8647,,Louisville,
https://247sports.com/Player/Ben-Bryant-92821/,Ben Bryant,75.0,190,PRO,,,3.0,0.8643,,Cincinnati,
https://247sports.com/Player/Eli-Williams-46057766/,Eli Williams,75.5,218,DUAL,,,3.0,0.8614,,TCU,
https://247sports.com/Player/Tyler-Lytle-80255/,Tyler Lytle,77.0,205,PRO,,,3.0,0.8597,Immediate,Colorado,
https://247sports.com/Player/Woody-Barrett-25555/,Woody Barrett,74.0,225,DUAL,,,3.0,0.8590,Immediate,Kent State,
https://247sports.com/Player/Anthony-Russo-77367/,Anthony Russo,76.0,235,PRO,,,3.0,0.8584,Immediate,Temple,
https://247sports.com/Player/Tucker-Gleason-46054252/,Tucker Gleason,75.0,215,PRO,,,3.0,0.8521,,Georgia Tech,
https://247sports.com/Player/Taylor-Powell-70994/,Taylor Powell,74.0,202,PRO,,,3.0,0.8519,Immediate,Missouri,Troy
https://247sports.com/Player/Chris-Katrenick-82597/,Chris Katrenick,74.0,205,PRO,,,3.0,0.8518,Immediate,Duke,
https://247sports.com/Player/Charlie-Brewer-76511/,Charlie Brewer,73.0,188,PRO,,,3.0,0.8506,Immediate,Baylor,
https://247sports.com/Player/Stone-Norton-92676/,Stone Norton,75.0,190,PRO,,,3.0,0.8497,,FIU,
https://247sports.com/Player/Darriel-Mack-86423/,Darriel Mack,75.0,205,DUAL,,,3.0,0.8477,,UCF,
https://247sports.com/Player/Kennique-Bonner-Steward-46053864/,Kennique Bonner-Steward,76.0,215,DUAL,,,3.0,0.8423,,Temple,
https://247sports.com/Player/Sheldon-Layman-46040992/,Sheldon Layman,71.5,184,PRO,,,3.0,0.8410,Immediate,Memphis,Austin Peay
https://247sports.com/Player/Jakson-Thomson-46040491/,Jakson Thomson,76.0,197,PRO,,,3.0,0.8343,,Louisiana Tech,
https://247sports.com/Player/RJ-Harvey-Jr-46054247/,RJ Harvey Jr.,70.0,182,DUAL,,,3.0,0.8317,,Virginia,UCF
https://247sports.com/Player/Clifton-McDowell-46056343/,Clifton McDowell,74.0,215,DUAL,,,3.0,0.8261,,Louisiana,
https://247sports.com/Player/Jack-Abraham-35591/,Jack Abraham,72.0,198,PRO,,,3.0,0.8237,Immediate,Southern Miss,
https://247sports.com/Player/TJ-Goodwin-46035504/,TJ Goodwin,76.5,190,PRO,,,3.0,0.8234,,UTEP,
https://247sports.com/Player/Colby-Suits-88050/,Colby Suits,75.0,222,PRO,,,3.0,0.8154,,Louisiana-Monroe,
https://247sports.com/Player/Isaiah-Green-85546/,Isaiah Green,74.0,205,PRO,,,3.0,0.8073,,Marshall,
https://247sports.com/Player/Michael-Bonds-89310/,Michael Bonds,74.0,201,PRO,,,3.0,0.8046,Immediate,Miami (OH),
https://247sports.com/Player/Chance-Lovertich-46096510/,Chance Lovertich,71.0,200,PRO,,,3.0,0.8025,,South Alabama,
https://247sports.com/Player/Carson-Welch-46036563/,Carson Welch,76.0,200,PRO,,,3.0,0.8014,,SMU,
https://247sports.com/Player/Andrew-Brito-86612/,Andrew Brito,70.0,170,PRO,,,3.0,0.8005,Immediate,Massachusetts,
https://247sports.com/Player/Jack-Smith-85382/,Jack Smith,73.0,185,PRO,,,3.0,0.7979,,Arizona State,
https://247sports.com/Player/Logan-Bonner-61712/,Logan Bonner,73.0,224,PRO,,,2.0,0.7893,,Arkansas State,
https://247sports.com/Player/Davis-Shanley-82916/,Davis Shanley,73.0,185,PRO,,,2.0,0.7824,,Western Kentucky,
https://247sports.com/Player/Devin-Larsen-46042926/,Devin Larsen,76.0,201,PRO,,,2.0,0.7797,,Iowa State,
https://247sports.com/Player/Nick-Moore-46046410/,Nick Moore,73.0,182,PRO,,,2.0,0.7667,,Oregon State,
https://247sports.com/Player/John-Bledsoe-45572542/,John Bledsoe,75.0,215,PRO,,,2.0,0.7480,,Washington State,
https://247sports.com/Player/Vincent-Amendola-46055040/,Vincent Amendola,74.0,218,PRO,,,0.0,,,North Carolina,Towson
https://247sports.com/Player/Westin-Elliott-81884/,Westin Elliott,77.0,220,PRO,,,0.0,,,Louisiana Tech,
https://247sports.com/Player/Terrance-Gipson-91736/,Terrance Gipson,72.0,186,DUAL,,,0.0,,Immediate,SMU,
https://247sports.com/Player/Drew-Gunther-46051404/,Drew Gunther,75.0,200,PRO,,,0.0,,,Syracuse,
https://247sports.com/Player/Jack-Kristofek-46053226/,Jack Kristofek,76.0,190,DUAL,,,0.0,,,Sam Houston State,Mississippi State
https://247sports.com/Player/Demarkcus-Bowman-46048830/,Demarkcus Bowman,70.0,190,RB,,,5.0,0.9909,,Clemson,Florida
https://247sports.com/Player/Harold-Joiner-94167/,Harold Joiner,75.0,218,RB,,,4.0,0.9375,,Auburn,
https://247sports.com/Player/Sione-Lund-77217/,Sione Lund,72.5,237,RB,,,4.0,0.9229,,Stanford,
https://247sports.com/Player/Deondrick-Glass-87041/,Deondrick Glass,71.0,200,RB,,,4.0,0.9133,,Oklahoma State,
https://247sports.com/Player/Iverson-Clement-86755/,Iverson Clement,71.0,199,RB,,,4.0,0.8958,,Florida,
https://247sports.com/Player/Jordan-Wilmore-46040381/,Jordan Wilmore,68.0,200,RB,,,4.0,0.8919,,Utah,
https://247sports.com/Player/Chase-Hayden-77191/,Chase Hayden,70.0,205,RB,,,3.0,0.8899,,East Carolina,
https://247sports.com/Player/Kentrail-Moran-26367/,Kentrail Moran,70.0,197,RB,,,3.0,0.8832,Immediate,New Mexico,
https://247sports.com/Player/Kareem-Walker-37417/,Kareem Walker,73.0,220,RB,,,3.0,0.8750,Immediate,Mississippi State,
https://247sports.com/Player/Devin-Brumfield-82092/,Devin Brumfield,70.0,219,RB,,,3.0,0.8646,,Utah,
https://247sports.com/Player/Anthony-Williams-Jr-94387/,Anthony Williams Jr.,72.0,191,RB,,,3.0,0.8635,,Michigan State,
https://247sports.com/Player/LaDamian-Webb-86234/,Laâ€™Damian Webb,68.0,190,RB,,,3.0,0.8615,,Florida State,Troy
https://247sports.com/Player/Kendrell-Flowers-46042081/,Kendrell Flowers,71.5,190,RB,,,3.0,0.8614,,Wake Forest,
https://247sports.com/Player/Antwuan-Branch-87222/,Antwuan Branch,72.0,230,RB,,,3.0,0.8544,,North Carolina,
https://247sports.com/Player/Demetrious-Flowers-89576/,Demetrious Flowers,71.0,200,RB,,,3.0,0.8539,,Arizona State,
https://247sports.com/Player/Peter-Hayes-Patrick-76208/,Peter Hayes-Patrick,70.0,180,RB,,,3.0,0.8538,,Akron,
https://247sports.com/Player/Thomas-Grayson-46053484/,Thomas Grayson,72.0,190,RB,,,3.0,0.8485,,Kansas State,
https://247sports.com/Player/DeMarcus-Townsend-80322/,DeMarcus Townsend,70.0,192,RB,,,3.0,0.8466,,FIU,
https://247sports.com/Player/TJ-Green-94095/,T.J. Green,71.0,185,RB,,,3.0,0.8465,,Utah,
https://247sports.com/Player/Jamari-Peacock-46757/,Jamari Peacock,73.0,220,RB,,,3.0,0.8463,Immediate,Virginia,
https://247sports.com/Player/Jahmon-McClendon-46055339/,Jahmon McClendon,73.0,210,RB,,,3.0,0.8444,,UCLA,
https://247sports.com/Player/Garrison-Johnson-46036011/,Garrison Johnson,71.0,210,RB,,,3.0,0.8431,,Syracuse,
https://247sports.com/Player/Shadrick-Byrd-46049819/,Shadrick Byrd,69.0,211,RB,,,3.0,0.8389,,Iowa,
https://247sports.com/Player/RaVon-Bonner-80536/,Ra'Von Bonner,71.0,220,RB,,,3.0,0.8315,Immediate,Illinois,Temple
https://247sports.com/Player/Donovan-Marshall-46036564/,Donovan Marshall,72.0,185,RB,,,3.0,0.8305,,Arkansas State,
https://247sports.com/Player/Dylan-Downing-45573225/,Dylan Downing,71.4,212,RB,,,3.0,0.8287,,UNLV,
https://247sports.com/Player/JR-Tran-Reno-46051878/,JR Tran-Reno,73.0,205,RB,,,3.0,0.8276,,Vanderbilt,Samford
https://247sports.com/Player/Johnny-Ford-94028/,Johnny Ford,65.0,172,RB,,,3.0,0.8265,,USF,
https://247sports.com/Player/ReMahn-Davis-46036437/,Re'Mahn Davis,69.0,210,RB,,,3.0,0.8235,,Temple,Vanderbilt
https://247sports.com/Player/Kuj-Tapusoa-22781/,Kuj Tapusoa,71.0,195,RB,,,3.0,0.8209,,BYU,
https://247sports.com/Player/Cedrick-Wilcox-46079210/,Cedrick Wilcox,71.0,185,RB,,,3.0,0.8204,,Marshall,
https://247sports.com/Player/Josh-Berry-46056725/,Josh Berry,72.0,185,RB,,,3.0,0.8202,,USF,
https://247sports.com/Player/Markenzy-Pierre-89822/,Markenzy Pierre,71.0,218,RB,,,3.0,0.8165,,Syracuse,
https://247sports.com/Player/DeShawn-Collins-46076713/,DeShawn Collins,70.0,200,RB,,,3.0,0.8155,,California,
https://247sports.com/Player/Trivenskey-Mosley-86756/,Trivenskey Mosley,70.0,187,RB,,,3.0,0.8154,,Southern Miss,
https://247sports.com/Player/Kory-Gainwell-46098826/,Kory Gainwell,68.0,180,RB,,,3.0,0.8154,,Memphis,
https://247sports.com/Player/PK-Kier-81830/,PK Kier,71.0,200,RB,,,3.0,0.8143,,Virginia,
https://247sports.com/Player/Steven-Anderson-77144/,Steven Anderson,75.0,236,RB,,,3.0,0.8128,,Southern Miss,
https://247sports.com/Player/Jaylen-Warren-46045047/,Jaylen Warren,68.0,225,RB,,,3.0,0.8083,,Utah State,
https://247sports.com/Player/Alan-Lamar-61008/,Alan Lamar,69.0,185,RB,,,2.0,0.7817,,Yale,Arkansas State
https://247sports.com/Player/Tony-Brown-46040624/,Tony Brown,67.5,175,RB,,,2.0,0.7497,,South Alabama,
https://247sports.com/Player/Jared-Martino-89541/,Jared Martino,70.0,215,RB,,,0.0,,Immediate,Massachusetts,
https://247sports.com/Player/Nick-Orekoya-46052445/,Nick Orekoya,70.0,210,RB,,,0.0,,Immediate,Massachusetts,
https://247sports.com/Player/Gilberto-Torres-46057552/,Gilberto Torres,71.0,225,RB,,,0.0,,,Massachusetts,
https://247sports.com/Player/DJ-Matthews-36789/,D.J. Matthews,71.0,160,WR,,,4.0,0.9763,Immediate,Florida State,Indiana
https://247sports.com/Player/Dylan-Wright-46039963/,Dylan Wright,76.0,215,WR,,,4.0,0.9678,,Texas A&amp;M,
https://247sports.com/Player/Tyrell-Shavers-84668/,Tyrell Shavers,78.0,216,WR,,,4.0,0.9587,,Mississippi State,
https://247sports.com/Player/John-Dunmore-94688/,John Dunmore,73.0,179,WR,,,4.0,0.9469,,Penn State,
https://247sports.com/Player/Jeremiah-Holloman-82938/,Jeremiah Holloman,74.0,200,WR,,,4.0,0.9431,Immediate,FIU,
https://247sports.com/Player/Oliver-Martin-83423/,Oliver Martin,73.0,200,WR,,,4.0,0.9251,,Iowa,Nebraska
https://247sports.com/Player/Makiya-Tongue-46038773/,Makiya Tongue,74.0,210,WR,,,4.0,0.9194,,Georgia,
https://247sports.com/Player/Kam-Brown-90865/,Kam Brown,72.0,180,WR,,,4.0,0.9182,,Texas A&amp;M,UCLA
https://247sports.com/Player/Grant-Calcaterra-86892/,Grant Calcaterra,75.0,234,TE,,,4.0,0.9131,Immediate,Oklahoma,Auburn
https://247sports.com/Player/Jamal-Pettigrew-33524/,Jamal Pettigrew,78.0,229,TE,,,4.0,0.9124,Immediate,LSU,McNeese State
https://247sports.com/Player/Isaiah-Bolden-88682/,Isaiah Bolden,74.0,175,WR,,,4.0,0.9120,,Florida State,Jackson State
https://247sports.com/Player/Marcus-Fleming-46040282/,Marcus Fleming,69.5,160,WR,,,4.0,0.9072,,Nebraska,
https://247sports.com/Player/Tevailance-Hunt-46039653/,Tevailance Hunt,74.0,185,WR,,,4.0,0.9064,,TCU,
https://247sports.com/Player/Jordan-Allen-46049182/,Jordan Allen,76.0,241,TE,,,4.0,0.8967,Immediate,Tennessee,
https://247sports.com/Player/Jacob-Mathis-56176/,Jacob Mathis,76.0,237,TE,,,4.0,0.8953,Immediate,USF,
https://247sports.com/Player/Rodrick-Fisher-46042442/,Rodrick Fisher,74.0,195,WR,,,4.0,0.8947,,Washington State,
https://247sports.com/Player/Jackson-Lowe-46048472/,Jackson Lowe,76.0,245,TE,,,4.0,0.8947,,Tennessee,
https://247sports.com/Player/Rashawn-Williams-93980/,Rashawn Williams,73.0,185,WR,,,4.0,0.8926,,Indiana,
https://247sports.com/Player/Trey-Blount-37169/,Trey Blount,74.0,200,WR,,,4.0,0.8919,Immediate,Georgia,
https://247sports.com/Player/Ricky-Smalling-38099/,Ricky Smalling,72.5,195,WR,,,3.0,0.8868,,Illinois,
https://247sports.com/Player/DJ-Turner-22667/,DJ Turner,69.0,175,WR,,,3.0,0.8829,,Maryland,Pittsburgh
https://247sports.com/Player/Eddie-McDoom-63308/,Eddie McDoom,72.0,180,WR,,,3.0,0.8825,Immediate,USF,
https://247sports.com/Player/Darryle-Simmons-76263/,Darryle Simmons,74.0,210,WR,,,3.0,0.8824,,Virginia Tech,
https://247sports.com/Player/Jonah-Morris-76420/,Jonah Morris,76.0,198,WR,,,3.0,0.8813,Immediate,Akron,
https://247sports.com/Player/Amad-Anderson-92243/,Amad Anderson,71.0,170,WR,,,3.0,0.8809,,Purdue,
https://247sports.com/Player/Demarcus-Gregory-81539/,Demarcus Gregory,75.0,204,WR,,,3.0,0.8791,,Ole Miss,
https://247sports.com/Player/CJ-Boone-46040693/,CJ Boone,75.0,170,WR,,,3.0,0.8784,,Missouri,
https://247sports.com/Player/Munir-McClain-46040549/,Munir McClain,76.0,210,WR,,,3.0,0.8763,,USC,
https://247sports.com/Player/Maurice-Massey-46039761/,Maurice Massey,76.0,185,WR,,,3.0,0.8742,,Missouri,
https://247sports.com/Player/John-Stephens-46040175/,John Stephens,76.0,206,WR,,,3.0,0.8735,,TCU,
https://247sports.com/Player/Glenn-Beal-85942/,Glenn Beal,77.0,265,TE,,,3.0,0.8723,,Texas A&amp;M,Louisiana
https://247sports.com/Player/Elijah-Bowick-46037412/,Elijah Bowick,73.0,187,WR,,,3.0,0.8709,,Virginia Tech,
https://247sports.com/Player/Ahmarean-Brown-91990/,Ahmarean Brown,69.0,165,WR,,,3.0,0.8709,,Georgia Tech,
https://247sports.com/Player/Brandon-Johnson-35533/,Brandon Johnson,74.0,203,WR,,,3.0,0.8691,Immediate,Tennessee,
https://247sports.com/Player/Nolan-Matthews-46050591/,Nolan Matthews,75.5,242,TE,,,3.0,0.8689,,Arizona State,SMU
https://247sports.com/Player/Dylan-Thomas-71760/,Dylan Thomas,73.0,186,WR,,,3.0,0.8686,Immediate,TCU,
https://247sports.com/Player/Logan-Compton-46040070/,Logan Compton,76.0,216,TE,,,3.0,0.8667,,Baylor,
https://247sports.com/Player/Kassidy-Woods-90776/,Kassidy Woods,76.0,205,WR,,,3.0,0.8609,,Washington State,
https://247sports.com/Player/Yusuf-Terry-46042863/,Yusuf Terry,75.0,170,WR,,,3.0,0.8588,,Baylor,
https://247sports.com/Player/Keion-Wakefield-34308/,Keion Wakefield,69.0,170,WR,,,3.0,0.8563,Immediate,West Virginia,
https://247sports.com/Player/Aldontre-Davis-80104/,Al'dontre Davis,72.0,190,WR,,,3.0,0.8559,,TCU,
https://247sports.com/Player/Calvin-Lockett-46039591/,Calvin Lockett,74.0,160,WR,,,3.0,0.8548,,Iowa,
https://247sports.com/Player/Reginald-Johnson-46046897/,Reginald Johnson,72.0,178,WR,,,3.0,0.8548,,Louisiana,
https://247sports.com/Player/Tobias-Little-44475/,Tobias Little,72.0,234,TE,,,3.0,0.8543,Immediate,Louisville,
https://247sports.com/Player/Justin-Bellido-46053435/,Justin Bellido,70.0,193,WR,,,3.0,0.8538,,Boston College,
https://247sports.com/Player/Jordan-Kerley-46054269/,Jordan Kerley,73.0,190,WR,,,3.0,0.8506,,Arizona State,
https://247sports.com/Player/Simon-Gonzalez-46051899/,Simon Gonzalez,75.0,222,TE,,,3.0,0.8505,,Texas Tech,
https://247sports.com/Player/Jeremiah-Pruitte-46051212/,Jeremiah Pruitte,78.0,218,WR,,,3.0,0.8492,,Colorado State,
https://247sports.com/Player/Tyquan-Johnson-91155/,Tyquan Johnson,75.0,180,WR,,,3.0,0.8487,,South Carolina,
https://247sports.com/Player/Mike-Pettway-46076566/,Mike Pettway,70.0,170,WR,,,3.0,0.8477,,Washington State,
https://247sports.com/Player/Andrew-Parchment-75946/,Andrew Parchment,75.0,185,WR,,,3.0,0.8466,,Kansas,
https://247sports.com/Player/Tyler-Smith-46048080/,Tyler Smith,72.0,170,WR,,,3.0,0.8464,,Western Kentucky,
https://247sports.com/Player/Jaylen-Dixon-89628/,Jaylen Dixon,70.0,160,WR,,,3.0,0.8438,,Utah,
https://247sports.com/Player/Josh-Youngblood-46052921/,Josh Youngblood,71.0,170,WR,,,3.0,0.8398,,Kansas State,
https://247sports.com/Player/Rahmon-Hart-93321/,Rahmon Hart,75.0,200,WR,,,3.0,0.8384,,Ball State,Duquesne
https://247sports.com/Player/Dominic-Gicinto-46050373/,Dominic Gicinto,70.0,175,WR,,,3.0,0.8371,,Missouri,
https://247sports.com/Player/Mo-Edwards-46042684/,Mo Edwards,74.5,196,WR,,,3.0,0.8366,,South Alabama,
https://247sports.com/Player/Dorien-Goddard-46042209/,Dorien Goddard,75.0,208,WR,,,3.0,0.8364,,Virginia,
https://247sports.com/Player/Michael-Smith-46036228/,Michael Smith,74.0,200,WR,,,3.0,0.8332,,Pittsburgh,
https://247sports.com/Player/Zack-Dobson-90327/,Zack Dobson,68.0,165,WR,,,3.0,0.8314,,West Virginia,
https://247sports.com/Player/Trey-McBride-94203/,Trey McBride,76.0,240,TE,,,3.0,0.8311,,Colorado State,Colorado State
https://247sports.com/Player/Luke-Johns-46038324/,Luke Johns,77.0,250,TE,,,3.0,0.8310,,Georgia Tech,
https://247sports.com/Player/Marquis-McCoy-46082898/,Marquis McCoy,76.0,205,WR,,,3.0,0.8300,,Southern Miss,
https://247sports.com/Player/Trenton-Waggoner-46037829/,Trenton Waggoner,71.0,165,WR,,,3.0,0.8299,,Army,
https://247sports.com/Player/Edwin-Carter-46050478/,Edwin Carter,75.0,180,WR,,,3.0,0.8255,,Illinois,
https://247sports.com/Player/Luke-Sanders-86181/,Luke Sanders,76.0,193,TE,,,3.0,0.8254,,Western Michigan,
https://247sports.com/Player/Jernard-Phillips-81076/,Jernard Phillips,70.0,165,WR,,,3.0,0.8241,,USF,
https://247sports.com/Player/Brian-Smith-46057036/,Brian Smith,75.5,209,WR,,,3.0,0.8236,,Louisiana,
https://247sports.com/Player/Kevin-Davis-46036923/,Kevin Davis,72.0,200,WR,,,3.0,0.8221,,UAB,
https://247sports.com/Player/Aaron-Hackett-82359/,Aaron Hackett,75.0,225,TE,,,3.0,0.8200,Immediate,Syracuse,
https://247sports.com/Player/Lonkevious-McFadden-46051968/,Lonkevious McFadden,76.0,190,WR,,,3.0,0.8198,,Kent State,
https://247sports.com/Player/Zak-Simon-90038/,Zak Simon,70.5,172,WR,,,3.0,0.8166,,Massachusetts,
https://247sports.com/Player/Randall-St-Felix-90509/,Randall St. Felix,74.0,206,WR,,,3.0,0.8145,Immediate,USF,
https://247sports.com/Player/Brenden-Schooler-94513/,Brenden Schooler,74.0,190,WR,,,3.0,0.8111,,Arizona,
https://247sports.com/Player/Davontavean-Martin-91576/,Davontavean Martin,75.0,185,WR,,,3.0,0.8080,,Washington State,Oklahoma State
https://247sports.com/Player/Jahcour-Pearson-78689/,Jahcour Pearson,69.0,180,WR,,,3.0,0.8075,Immediate,Western Kentucky,
https://247sports.com/Player/Zack-Leininger-46056935/,Zack Leininger,76.0,235,TE,,,3.0,0.8073,,Akron,
https://247sports.com/Player/Antwan-Dixon-19641/,Antwan Dixon,,-,WR,,,3.0,0.8073,Immediate,Kent State,
https://247sports.com/Player/Dimitrios-Mitsopoulos-46083444/,Dimitrios Mitsopoulos,69.0,174,WR,,,3.0,0.8041,,Miami (OH),
https://247sports.com/Player/Dariyan-Wiley-46042244/,Dariyan Wiley,75.0,200,WR,,,3.0,0.8003,Pending Appeal,Massachusetts,Louisiana-Monroe
https://247sports.com/Player/Chandler-Whitfield-46053078/,Chandler Whitfield,68.0,152,WR,,,3.0,0.7993,,Louisiana-Monroe,
https://247sports.com/Player/Jahmarae-Sheread-86330/,Jahmarae Sheread,67.0,160,WR,,,2.0,0.7953,,Texas State,
https://247sports.com/Player/Marcus-Joyner-82861/,Marcus Joyner,74.0,254,TE,,,2.0,0.7932,Immediate,Old Dominion,
https://247sports.com/Player/Moss-Saccomanno-46050814/,Moss Saccomanno,77.0,235,TE,,,2.0,0.7905,,Charlotte,
https://247sports.com/Player/Jeremiah-Fails-46056947/,Jeremiah Fails,71.0,180,WR,,,2.0,0.7902,,Western Kentucky,
https://247sports.com/Player/Jelani-Foster-46039294/,Jelani Foster,74.0,195,WR,,,2.0,0.7898,,Buffalo,
https://247sports.com/Player/Kyle-McNamara-46056318/,Kyle McNamara,68.5,170,WR,,,2.0,0.7892,,Michigan,Western Kentucky
https://247sports.com/Player/Josh-Pederson-88756/,Josh Pederson,76.0,210,TE,,,2.0,0.7891,Immediate,Louisiana-Monroe,
https://247sports.com/Player/Jaylin-Jackson-46036126/,Jaylin Jackson,69.0,160,WR,,,2.0,0.7853,,Florida,
https://247sports.com/Player/LeMaro-Smith-46047794/,LeMaro Smith,75.0,205,WR,,,2.0,0.7853,,Buffalo,
https://247sports.com/Player/Rashad-Beecham-46036399/,Rashad Beecham,75.0,210,WR,,,2.0,0.7833,,UTEP,
https://247sports.com/Player/Tyler-Lamm-88599/,Tyler Lamm,76.0,230,TE,,,2.0,0.7817,Immediate,Louisiana-Monroe,
https://247sports.com/Player/Adam-Cousins-46079217/,Adam Cousins,72.0,165,WR,,,2.0,0.7791,,UTEP,
https://247sports.com/Player/Javonis-Isaac-75544/,Javonis Isaac,76.0,217,TE,,,2.0,0.7716,,Arkansas State,
https://247sports.com/Player/Perry-Carter-91419/,Perry Carter,68.0,161,WR,,,2.0,0.7716,Immediate,Louisiana-Monroe,
https://247sports.com/Player/Jacquez-Sloan-45572531/,Jacquez Sloan,69.0,185,WR,,,2.0,0.7709,,Western Kentucky,
https://247sports.com/Player/Samori-Toure-46044218/,Samori Toure,72.0,172,WR,,,2.0,0.7667,,Montana,
https://247sports.com/Player/Hunter-Kaufman-46046473/,Hunter Kaufman,71.0,170,WR,,,2.0,0.7667,Immediate,Kansas,
https://247sports.com/Player/Deven-Thompkins-90444/,Deven Thompkins,67.0,160,WR,,,2.0,0.7497,,Utah State,
https://247sports.com/Player/Ramsey-Baty-46049595/,Ramsey Baty,77.0,225,TE,,,0.0,,,Michigan,
https://247sports.com/Player/Liam-Byrne-92490/,Liam Byrne,76.0,185,WR,,,0.0,,,Georgia Tech,
https://247sports.com/Player/Luke-Endsley-46046774/,Luke Endsley,69.0,160,WR,,,0.0,,,Ball State,
https://247sports.com/Player/Wykeen-Gill-46082965/,Wykeen Gill,70.0,178,WR,,,0.0,,,Kansas State,
https://247sports.com/Player/Cade-Johnson-80074/,Cade Johnson,71.0,175,WR,,,0.0,,Immediate,South Dakota State,
https://247sports.com/Player/Martin-Laham-46058865/,Martin Laham,74.0,200,WR,,,0.0,,,Holy Cross,
https://247sports.com/Player/Elijah-Lilly-80399/,Elijah Lilly,71.0,160,WR,,,0.0,,Immediate,New Mexico,
https://247sports.com/Player/Tyrese-Mack-93314/,Tyrese Mack,71.5,182,WR,,,0.0,,,Utah State,
https://247sports.com/Player/Hayden-Metcalf-46082494/,Hayden Metcalf,72.0,166,WR,,,0.0,,,Illinois,
https://247sports.com/Player/Isaiah-Montgomery-46097932/,Isaiah Montgomery,73.0,212,WR,,,0.0,,,Tennessee,
https://247sports.com/Player/Patrick-Palmer-46041003/,Patrick Palmer,70.5,172,WR,,,0.0,,,South Alabama,
https://247sports.com/Player/Corey-Reed-85017/,Corey Reed,75.0,206,WR,,,0.0,,,Louisville,
https://247sports.com/Player/Nate-Stewart-46111726/,Nate Stewart,74.0,200,WR,,,0.0,,Immediate,Akron,
https://247sports.com/Player/John-Olmstead-46039324/,John Olmstead,78.0,300,OT,,,4.0,0.9242,,Notre Dame,Lafayette
https://247sports.com/Player/Curtis-Dunlap-83972/,Curtis Dunlap,77.0,345,OG,,,4.0,0.9168,,Minnesota,Minnesota
https://247sports.com/Player/EJ-Ndoma-Ogar-88233/,EJ Ndoma-Ogar,75.0,338,OG,,,4.0,0.9054,,Oklahoma,Missouri
https://247sports.com/Player/Billy-Ross-82144/,Billy Ross,77.0,315,OT,,,3.0,0.8840,,North Carolina,Marshall
https://247sports.com/Player/Justin-Osborne-46038751/,Justin Osborne,76.0,280,OT,,,3.0,0.8809,,Auburn,SMU
https://247sports.com/Player/Zach-Carpenter-46038793/,Zach Carpenter,77.0,310,OG,,,3.0,0.8776,,Michigan,
https://247sports.com/Player/Trent-Pullen-46041328/,Trent Pullen,74.0,271,OG,,,3.0,0.8743,,Oklahoma State,
https://247sports.com/Player/Oyenmwen-Uzebu-91075/,Oyenmwen Uzebu,78.0,305,OT,,,3.0,0.8742,,West Virginia,
https://247sports.com/Player/Bryce-Bray-46039753/,Bryce Bray,77.0,309,OG,,,3.0,0.8710,,Oklahoma State,Tulsa
https://247sports.com/Player/Eli-Johnson-18430/,Eli Johnson,75.0,295,OC,,,3.0,0.8706,Immediate,Ole Miss,New Mexico State
https://247sports.com/Player/Sean-Auwae-77927/,Sean Auwae,76.0,285,OC,,,3.0,0.8675,Immediate,Vanderbilt,
https://247sports.com/Player/Nick-Pendley-46047636/,Nick Pendley,77.0,290,OG,,,3.0,0.8675,,Mississippi State,Georgia Tech
https://247sports.com/Player/Jacob-Farrell-46041922/,Jacob Farrell,78.0,280,OT,,,3.0,0.8647,,Oklahoma State,North Texas
https://247sports.com/Player/Jayme-Simmons-46050710/,Jayme Simmons,77.0,270,OT,,,3.0,0.8647,,UAB,
https://247sports.com/Player/Willie-Allen-23486/,Willie Allen,79.5,300,OT,,,3.0,0.8582,Immediate,Louisiana Tech,Michigan
https://247sports.com/Player/Jay-Williams-46058486/,Jay Williams,78.0,290,OT,,,3.0,0.8561,Immediate,Florida State,
https://247sports.com/Player/Andrew-Boselli-32131/,Andrew Boselli,76.0,303,OC,,,3.0,0.8545,Immediate,Florida State,
https://247sports.com/Player/Jake-Burton-77517/,Jake Burton,78.0,290,OT,,,3.0,0.8503,Immediate,UCLA,Baylor
https://247sports.com/Player/Lamarius-Benson-45572559/,Lamarius Benson,75.0,330,OG,,,3.0,0.8413,,UCF,
https://247sports.com/Player/Eric-Wilson-85000/,Eric Wilson,76.0,280,OG,,,3.0,0.8388,Immediate,Harvard,Auburn
https://247sports.com/Player/Titus-Jones-46039012/,Titus Jones,75.0,265,OG,,,3.0,0.8322,,Memphis,
https://247sports.com/Player/Quazzel-White-91070/,Quazzel White,75.5,305,OG,,,3.0,0.8321,,TCU,
https://247sports.com/Player/Davis-DiVall-46057372/,Davis DiVall,77.0,285,OG,,,3.0,0.8285,,Baylor,
https://247sports.com/Player/Dylan-Spencer-46086511/,Dylan Spencer,76.0,300,OT,,,3.0,0.8265,,Missouri,
https://247sports.com/Player/Harrison-Jump-46047166/,Harrison Jump,77.0,260,OT,,,3.0,0.8256,,Georgia Tech,
https://247sports.com/Player/Maljon-Joor-46041002/,Maljon Joor,77.0,320,OT,,,3.0,0.8183,,FIU,
https://247sports.com/Player/Mike-McNicholas-46049510/,Mike McNicholas,76.0,310,OG,,,3.0,0.8154,,Kent State,
https://247sports.com/Player/Antione-Frazier-79808/,Antione Frazier,77.0,250,OT,,,3.0,0.8143,,Kansas,
https://247sports.com/Player/Obinna-Nwankwo-58520/,Obinna Nwankwo,75.0,260,OG,,,3.0,0.8127,,FIU,
https://247sports.com/Player/Jarrett-Horst-46046260/,Jarrett Horst,78.0,305,OT,,,3.0,0.8100,,Arkansas State,
https://247sports.com/Player/Jaylen-Turner-45572816/,Jaylen Turner,76.0,285,OC,,,3.0,0.8093,,Ball State,
https://247sports.com/Player/Tyler-Witt-28430/,Tyler Witt,74.0,295,OG,,,3.0,0.8092,Immediate,Western Kentucky,
https://247sports.com/Player/Kam-Burns-46039698/,Kam Burns,77.0,268,OG,,,2.0,0.7953,,FIU,
https://247sports.com/Player/Parker-Ogle-46037294/,Parker Ogle,75.0,280,OC,,,2.0,0.7903,,Massachusetts,
https://247sports.com/Player/Logan-Swartz-46057158/,Logan Swartz,78.0,290,OT,,,2.0,0.7842,,Kent State,
https://247sports.com/Player/Kaimana-Waa-46043185/,Kaimana Wa'a,74.0,275,OG,,,2.0,0.7831,,Hawaii,
https://247sports.com/Player/Jonathan-Timmons-38020/,Jonathan Timmons,77.0,320,OG,,,2.0,0.7800,,Charlotte,
https://247sports.com/Player/Joe-Maxwell-46050771/,Joe Maxwell,77.0,290,OT,,,2.0,0.7798,,Bowling Green,
https://247sports.com/Player/Yontez-Jarrell-46048975/,Yontez Jarrell,78.0,294,OT,,,2.0,0.7781,,Charlotte,
https://247sports.com/Player/Chandler-Anthony-76445/,Chandler Anthony,79.0,300,OT,,,2.0,0.7750,Immediate,North Texas,Oklahoma State
https://247sports.com/Player/Andrew-Lawson-88560/,Andrew Lawson,75.0,301,OG,,,2.0,0.7731,,Old Dominion,
https://247sports.com/Player/Jon-Denny-46057315/,Jon Denny,78.0,320,OG,,,2.0,0.7697,,Washington State,
https://247sports.com/Player/Jahaziel-Lee-84657/,Jahaziel Lee,75.0,300,OT,,,2.0,0.7676,,Georgia Tech,
https://247sports.com/Player/Sean-Fitzgerald-46045486/,Sean Fitzgerald,75.0,311,OG,,,2.0,0.7667,,Coastal Carolina,
https://247sports.com/Player/Charles-Fletcher-46038695/,Charles Fletcher,74.0,307,OG,,,2.0,0.7397,Immediate,NC State,Texas State
https://247sports.com/Player/Jarious-Abercrombie-46057975/,Jarious Abercrombie,76.0,300,OT,,,0.0,,,Tennessee,Illinois State
https://247sports.com/Player/Brian-Foley-92825/,Brian Foley,76.0,314,OG,,,0.0,,,Holy Cross,
https://247sports.com/Player/Jaison-Fournet-46086867/,Jaison Fournet,73.0,310,OC,,,0.0,,,East Carolina,
https://247sports.com/Player/Paul-Grattan-46103567/,Paul Grattan,76.0,300,OG,,,0.0,,Immediate,Villanova,UCLA
https://247sports.com/Player/Dontae-Keys-92343/,Dontae Keys,76.0,300,OG,,,0.0,,,North Carolina A&amp;T,FIU
https://247sports.com/Player/Api-Mane-46058776/,Api Mane,75.0,327,OG,,,0.0,,Immediate,Kansas,
https://247sports.com/Player/Kade-Parmelly-46111672/,Kade Parmelly,75.0,308,OG,,,0.0,,Immediate,Duke,
https://247sports.com/Player/Chandler-Zavala-46111660/,Chandler Zavala,77.0,325,OG,,,0.0,,Immediate,NC State,
https://247sports.com/Player/Ishmael-Sopsher-88108/,Ishmael Sopsher,76.0,334,DT,,,4.0,0.9757,,Alabama,USC
https://247sports.com/Player/Jowon-Briggs-46036250/,Jowon Briggs,74.0,295,DT,,,4.0,0.9667,,Virginia,Cincinnati
https://247sports.com/Player/Netori-Johnson-35023/,Netori Johnson,75.25,327,DT,,,4.0,0.9588,,Georgia,
https://247sports.com/Player/Siaki-Ika-46040395/,Siaki Ika,74.5,372,DT,,,4.0,0.9400,,LSU,
https://247sports.com/Player/Travez-Moore-75560/,Travez Moore,78.0,250,WDE,,,4.0,0.9074,Immediate,LSU,Arizona State
https://247sports.com/Player/Myron-Warren-46051810/,Myron Warren,75.0,240,SDE,,,4.0,0.9025,,Texas,Texas
https://247sports.com/Player/Savion-Williams-76659/,Savion Williams,76.0,290,SDE,,,4.0,0.8913,,Tennessee,FIU
https://247sports.com/Player/Jaquan-Henderson-79496/,Jaquan Henderson,73.0,211,WDE,,,3.0,0.8813,Immediate,Georgia Tech,
https://247sports.com/Player/Jamarcus-Chatman-89467/,Jamarcus Chatman,74.0,273,DT,,,3.0,0.8784,,Florida State,Troy
https://247sports.com/Player/Matthew-Pola-Mao-90129/,Matthew Pola-Mao,74.0,295,DT,,,3.0,0.8784,,Kansas State,
https://247sports.com/Player/Justice-Dingle-92178/,Justice Dingle,75.0,250,SDE,,,3.0,0.8770,,Georgia Tech,
https://247sports.com/Player/JaMion-Franklin-88993/,Ja'Mion Franklin,73.0,295,DT,,,3.0,0.8742,,Notre Dame,Duke
https://247sports.com/Player/Brandon-Taylor-46080475/,Brandon Taylor,74.0,250,SDE,,,3.0,0.8721,,Penn State,
https://247sports.com/Player/Jordan-Woods-24280/,Jordan Woods,76.0,255,SDE,,,3.0,0.8702,Immediate,FIU,
https://247sports.com/Player/Justin-Thomas-86280/,Justin Thomas,77.0,255,SDE,,,3.0,0.8681,,LSU,UAB
https://247sports.com/Player/Tre-Williams-80086/,Tre Williams,76.0,220,WDE,,,3.0,0.8670,Immediate,Missouri,
https://247sports.com/Player/Montra-Edwards-46053885/,Montra Edwards,75.0,293,DT,,,3.0,0.8667,,Missouri,
https://247sports.com/Player/TK-McLendon-46057147/,T.K. McLendon,76.5,247,WDE,,,3.0,0.8656,,LSU,
https://247sports.com/Player/Randy-Charlton-86957/,Randy Charlton,75.0,235,SDE,,,3.0,0.8641,,UCF,Mississippi State
https://247sports.com/Player/Makius-Scott-46059571/,Makius Scott,75.0,306,SDE,,,3.0,0.8639,,South Carolina,Georgia Tech
https://247sports.com/Player/Jamari-Stewart-46055309/,Jamari Stewart,75.0,205,WDE,,,3.0,0.8615,,Mississippi State,
https://247sports.com/Player/Jason-Munoz-92544/,Jason Munoz,76.0,269,SDE,,,3.0,0.8614,,Syracuse,
https://247sports.com/Player/Tre-Lawson-88156/,Tre Lawson,78.0,240,SDE,,,3.0,0.8594,,Mississippi State,
https://247sports.com/Player/Zacchaeus-McKinney-91187/,Zacchaeus McKinney,76.0,300,DT,,,3.0,0.8574,,Oklahoma,
https://247sports.com/Player/Joseph-Honeysucker-45572705/,Joseph Honeysucker,74.5,217,WDE,,,3.0,0.8540,,Memphis,
https://247sports.com/Player/Trevis-Hopper-85921/,Trevis Hopper,74.0,260,DT,,,3.0,0.8527,,Memphis,
https://247sports.com/Player/Chico-Bennett-Jr-46052369/,Chico Bennett Jr.,76.0,215,WDE,,,3.0,0.8519,,Georgia Tech,
https://247sports.com/Player/Kenny-Turnier-88278/,Kenny Turnier,76.0,265,WDE,,,3.0,0.8517,,UCF,
https://247sports.com/Player/Val-Martin-46051407/,Val Martin,74.0,305,DT,,,3.0,0.8475,Immediate,NC State,
https://247sports.com/Player/Lamonte-McDougle-87977/,Lamonte McDougle,72.0,291,DT,,,3.0,0.8468,,Washington State,
https://247sports.com/Player/Devin-Baldwin-46046105/,Devin Baldwin,77.0,260,SDE,,,3.0,0.8463,,Rutgers,
https://247sports.com/Player/Dylan-Hall-46041797/,Dylan Hall,77.5,230,WDE,,,3.0,0.8452,,Boise State,
https://247sports.com/Player/Dylan-Meeks-38086/,Dylan Meeks,74.0,235,WDE,,,3.0,0.8437,Immediate,Akron,
https://247sports.com/Player/Brandon-Brown-46037427/,Brandon Brown,73.0,319,DT,,,3.0,0.8432,,Tulane,
https://247sports.com/Player/Kofi-Wardlow-87665/,Kofi Wardlow,75.5,230,WDE,,,3.0,0.8427,Immediate,Notre Dame,
https://247sports.com/Player/Clinton-Anokwuru-46052534/,Clinton Anokwuru,75.0,235,SDE,,,3.0,0.8423,,Kansas,
https://247sports.com/Player/Ronald-Triplette-46058317/,Ronald Triplette,74.0,240,WDE,,,3.0,0.8410,,Kansas State,UTSA
https://247sports.com/Player/Malcolm-Robinson-89011/,Malcolm Robinson,75.0,305,DT,,,3.0,0.8406,Immediate,Minnesota,
https://247sports.com/Player/Derick-Newton-46041486/,Derick Newton,74.0,280,DT,,,3.0,0.8398,,Kansas State,Kansas State
https://247sports.com/Player/Will-Rodgers-III-38372/,Will Rodgers III,76.0,249,WDE,,,3.0,0.8377,Immediate,Washington State,Temple
https://247sports.com/Player/Jorell-Baum-46051927/,Jorell Baum,77.0,220,WDE,,,3.0,0.8376,,Old Dominion,
https://247sports.com/Player/Derrick-Ray-Jr-46050398/,Derrick Ray Jr.,74.0,240,WDE,,,3.0,0.8375,,Texas State,
https://247sports.com/Player/Jamal-Holloway-56425/,Jamal Holloway,75.0,215,WDE,,,3.0,0.8372,,UNLV,
https://247sports.com/Player/Darius-McFarland-79769/,Darius McFarland,74.0,250,SDE,,,3.0,0.8366,,BYU,
https://247sports.com/Player/Kelton-Dawson-82957/,Kelton Dawson,75.0,242,SDE,,,3.0,0.8359,Immediate,Georgia Tech,
https://247sports.com/Player/Jaohne-Duggan-81256/,Jaohne Duggan,73.0,292,DT,,,3.0,0.8332,,Rutgers,
https://247sports.com/Player/Kylan-Wilborn-90142/,Kylan Wilborn,74.0,236,WDE,,,3.0,0.8321,Immediate,Arizona,
https://247sports.com/Player/Javasia-Brunson-46051476/,Javasia Brunson,74.0,251,SDE,,,3.0,0.8305,,Nevada,
https://247sports.com/Player/Rob-Cummins-94364/,Rob Cummins,78.0,260,SDE,,,3.0,0.8260,,Texas,
https://247sports.com/Player/Stephone-Atkinson-46052274/,Stephone Atkinson,75.0,220,WDE,,,3.0,0.8254,,Western Kentucky,
https://247sports.com/Player/Luc-Bequette-33669/,Luc Bequette,74.0,300,WDE,,,3.0,0.8244,Immediate,California,Boston College
https://247sports.com/Player/Kyiev-Bennermon-46040389/,Kyiev Bennermon,76.0,280,DT,,,3.0,0.8235,,Boston College,
https://247sports.com/Player/Hozey-Haji-Badri-94722/,Hozey Haji-Badri,75.0,276,DT,,,3.0,0.8228,,East Carolina,
https://247sports.com/Player/Mike-Ciaffoni-46054593/,Mike Ciaffoni,75.0,265,DT,,,3.0,0.8222,,Boston College,
https://247sports.com/Player/Ethan-Rinke-46042981/,Ethan Rinke,75.5,240,WDE,,,3.0,0.8198,,Tennessee,South Alabama
https://247sports.com/Player/Elijah-Campbell-86236/,Elijah Campbell,74.0,244,DT,,,3.0,0.8154,,Georgia Southern,
https://247sports.com/Player/Caleb-Thomas-81484/,Caleb Thomas,72.0,289,DT,,,3.0,0.8147,Immediate,Connecticut,
https://247sports.com/Player/Isaiah-Bean-86117/,Isaiah Bean,76.0,210,WDE,,,3.0,0.8125,Immediate,Kansas,
https://247sports.com/Player/Armon-Williams-46039964/,Armon Williams,75.0,323,DT,,,3.0,0.8104,,USF,
https://247sports.com/Player/Shannon-Carswell-46035589/,Shannon Carswell,76.0,285,SDE,,,3.0,0.8064,,Southern Miss,
https://247sports.com/Player/Jakharious-Smith-94288/,Jakharious Smith,75.0,230,WDE,,,3.0,0.8056,,Texas State,
https://247sports.com/Player/David-Reynolds-46042615/,David Reynolds,77.0,245,WDE,,,3.0,0.8053,,FIU,FIU
https://247sports.com/Player/Myles-Vigne-79949/,Myles Vigne,73.0,300,DT,,,3.0,0.8002,,New Mexico State,
https://247sports.com/Player/Mason-Cholewa-89562/,Mason Cholewa,78.0,255,DT,,,3.0,0.7996,,UCF,James Madison
https://247sports.com/Player/Tahji-Gilbert-46059301/,Tahji Gilbert,72.0,282,DT,,,3.0,0.7983,,Georgia State,
https://247sports.com/Player/Caden-Hilborn-46045986/,Caden Hilborn,76.0,260,DT,,,3.0,0.7982,,Hawaii,
https://247sports.com/Player/Livingston-Paogofie-80302/,Livingston Paogofie,74.0,240,DT,,,2.0,0.7961,,Colorado State,
https://247sports.com/Player/Dakari-Bickham-46057461/,Dakari Bickham,76.0,250,SDE,,,2.0,0.7900,,UTEP,
https://247sports.com/Player/Marcus-Romboli-46097551/,Marcus Romboli,75.0,240,SDE,,,2.0,0.7898,,Central Michigan,
https://247sports.com/Player/Dylan-Boles-46035668/,Dylan Boles,76.0,255,SDE,,,2.0,0.7889,Immediate,Stanford,
https://247sports.com/Player/Garrett-Crawford-46040790/,Garrett Crawford,73.0,230,WDE,,,2.0,0.7853,,Southern Miss,
https://247sports.com/Player/Jake-Byczko-89540/,Jake Byczko,75.0,255,WDE,,,2.0,0.7783,Immediate,Massachusetts,Boston College
https://247sports.com/Player/Logan-Arnold-46053336/,Logan Arnold,75.0,260,SDE,,,2.0,0.7741,,Nevada,
https://247sports.com/Player/Frendy-Darelus-46037476/,Frendy Darelus,77.0,225,WDE,,,2.0,0.7709,,Buffalo,
https://247sports.com/Player/Emmanuel-Jones-46038546/,Emmanuel Jones,75.0,230,WDE,,,2.0,0.7709,,Colorado State,Colorado State
https://247sports.com/Player/Keion-White-46037948/,Keion White,76.0,230,WDE,,,2.0,0.7681,,Old Dominion,
https://247sports.com/Player/Juwan-Ross-82595/,Juwan Ross,74.0,290,DT,,,2.0,0.7581,Immediate,Old Dominion,
https://247sports.com/Player/Cameron-Washington-88404/,Cameron Washington,76.0,245,DT,,,2.0,0.7575,,Old Dominion,
https://247sports.com/Player/Adeeb-Atariwa-77645/,Adeeb Atariwa,75.0,265,DT,,,0.0,,Immediate,James Madison,
https://247sports.com/Player/Tagg-Bullock-46081022/,Tagg Bullock,77.0,240,WDE,,,0.0,,,East Carolina,North Carolina A&amp;T
https://247sports.com/Player/Austin-Lewis-46111733/,Austin Lewis,78.0,270,WDE,,,0.0,,,Liberty,
https://247sports.com/Player/Seun-Oluwatimi-46044007/,Seun Oluwatimi,73.0,298,DT,,,0.0,,,Maryland,
https://247sports.com/Player/Kolby-Wyatt-46038575/,Kolby Wyatt,76.0,240,SDE,,,0.0,,,Georgia,
https://247sports.com/Player/Palaie-Gaoteote-IV-85911/,Palaie Gaoteote IV,74.0,250,ILB,,,5.0,0.9926,,USC,
https://247sports.com/Player/Kevin-Harris-46038885/,Kevin Harris,76.0,228,OLB,,,4.0,0.9463,,Alabama,Georgia Tech
https://247sports.com/Player/Keyshawn-Greene-46050924/,Keyshawn Greene,75.0,195,OLB,,,4.0,0.9384,,Nebraska,Florida Atlantic
https://247sports.com/Player/Jaquan-Yulee-30668/,Jaquan Yulee,73.0,248,ILB,,,4.0,0.9285,,Marshall,
https://247sports.com/Player/Abdul-Malik-McClain-46039252/,Abdul-Malik McClain,76.0,245,OLB,,,4.0,0.9152,,USC,
https://247sports.com/Player/Trenell-Troutman-82951/,Trenell Troutman,70.0,188,OLB,,,4.0,0.9041,,Louisville,
https://247sports.com/Player/Osman-Savage-46041191/,Osman Savage,74.0,225,OLB,,,4.0,0.8992,,Michigan,
https://247sports.com/Player/Luke-Fulton-46047287/,Luke Fulton,75.0,215,ILB,,,3.0,0.8863,,Michigan State,
https://247sports.com/Player/Byron-Vaughns-46038529/,Byron Vaughns,75.5,216,OLB,,,3.0,0.8830,,Texas,
https://247sports.com/Player/Charles-Thomas-90862/,Charles Thomas,72.0,222,ILB,,,3.0,0.8810,,Michigan,
https://247sports.com/Player/Brandon-Hill-79223/,Brandon Hill,75.0,217,OLB,,,3.0,0.8767,Immediate,Duke,
https://247sports.com/Player/Ben-Wilson-94532/,Ben Wilson,74.0,220,ILB,,,3.0,0.8748,,TCU,
https://247sports.com/Player/Matthew-Flint-46038509/,Matthew Flint,72.0,240,ILB,,,3.0,0.8742,,North Carolina,
https://247sports.com/Player/Andrew-Johnson-46039756/,Andrew Johnson,74.0,222,OLB,,,3.0,0.8742,,Oregon,
https://247sports.com/Player/Kivon-Bennett-87905/,Kivon Bennett,74.0,245,OLB,,,3.0,0.8702,,Tennessee,
https://247sports.com/Player/PJ-Blue-59821/,P.J. Blue,74.0,210,OLB,,,3.0,0.8696,Immediate,Louisville,
https://247sports.com/Player/Thurman-Geathers-88545/,Thurman Geathers,75.0,218,OLB,,,3.0,0.8654,,Louisville,
https://247sports.com/Player/Octavius-Brothers-46054173/,Octavius Brothers,74.0,210,OLB,,,3.0,0.8634,,Auburn,
https://247sports.com/Player/Colin-Schooler-89571/,Colin Schooler,74.0,215,ILB,,,3.0,0.8631,Immediate,Arizona,Texas Tech
https://247sports.com/Player/Aubrey-Miller-89247/,Aubrey Miller,71.5,207,ILB,,,3.0,0.8630,,Missouri,
https://247sports.com/Player/Dimitri-Moore-50539/,Dimitri Moore,75.0,208,ILB,,,3.0,0.8577,Immediate,Vanderbilt,
https://247sports.com/Player/Marcel-Lewis-46042183/,Marcel Lewis,72.0,218,OLB,,,3.0,0.8572,,Michigan State,
https://247sports.com/Player/Alexy-Jean-Baptiste-61353/,Alexy Jean-Baptiste,75.0,205,OLB,,,3.0,0.8564,,FIU,
https://247sports.com/Player/Matthew-Tago-94567/,Matthew Tago,74.0,225,OLB,,,3.0,0.8550,,Oregon State,
https://247sports.com/Player/Jayden-Russell-46041425/,Jayden Russell,74.0,180,OLB,,,3.0,0.8531,,Miami (OH),
https://247sports.com/Player/Solomon-Turner-46049967/,Solomon Turner,73.5,209,OLB,,,3.0,0.8513,,Baylor,Hawaii
https://247sports.com/Player/Maverick-Wolfley-45495/,Maverick Wolfley,75.0,225,ILB,,,3.0,0.8510,,Akron,
https://247sports.com/Player/Colin-Anderson-87367/,Colin Anderson,74.0,210,ILB,,,3.0,0.8504,Immediate,Vanderbilt,
https://247sports.com/Player/Maureese-Wren-93957/,Maureese Wren,76.0,220,OLB,,,3.0,0.8489,,Texas State,
https://247sports.com/Player/Josh-Marsh-94749/,Josh Marsh,73.5,215,OLB,,,3.0,0.8456,,Auburn,
https://247sports.com/Player/Eric-Mitchell-56448/,Eric Mitchell,73.0,221,ILB,,,3.0,0.8444,,UCF,
https://247sports.com/Player/DeMarrquese-Hayes-46081978/,DeMarrquese Hayes,73.0,190,OLB,,,3.0,0.8431,,Kansas State,
https://247sports.com/Player/Devin-Gil-76236/,Devin Gil,73.0,231,OLB,,,3.0,0.8428,,USF,
https://247sports.com/Player/Cosmas-Kwete-46053624/,Cosmas Kwete,75.0,241,OLB,,,3.0,0.8418,,Washington State,Northern Arizona
https://247sports.com/Player/Cornelius-Evans-46078880/,Cornelius Evans,76.0,220,OLB,,,3.0,0.8389,,Georgia Tech,
https://247sports.com/Player/Yahweh-Jeudy-46050428/,Yahweh Jeudy,74.0,215,OLB,,,3.0,0.8276,,Iowa,
https://247sports.com/Player/Justin-Rice-80320/,Justin Rice,74.0,205,ILB,,,3.0,0.8259,Immediate,Fresno State,Arkansas State
https://247sports.com/Player/Elijah-Juarez-46080767/,Elijah Juarez,74.0,240,OLB,,,3.0,0.8254,,Arizona State,
https://247sports.com/Player/Paul-Scott-92209/,Paul Scott,73.0,205,ILB,,,3.0,0.8238,,Hawaii,
https://247sports.com/Player/Jack-del-Rio-46080045/,Jack del Rio,75.0,215,OLB,,,3.0,0.8227,,Rutgers,
https://247sports.com/Player/Chance-Cover-46037188/,Chance Cover,74.0,220,ILB,,,3.0,0.8215,,Texas Tech,
https://247sports.com/Player/TaeAviion-Gray-46051473/,Tae'Aviion Gray,74.0,208,OLB,,,3.0,0.8213,,USF,
https://247sports.com/Player/Mario-Wright-46039204/,Mario Wright,74.0,205,ILB,,,3.0,0.8204,,Western Kentucky,
https://247sports.com/Player/Chinedu-Ogbonna-89461/,Chinedu Ogbonna,74.0,225,OLB,,,3.0,0.8199,Immediate,Massachusetts,
https://247sports.com/Player/Zach-Bowers-46046966/,Zach Bowers,72.0,215,ILB,,,3.0,0.8154,,Hawaii,
https://247sports.com/Player/Racheem-Booth-57734/,Racheem Booth,72.0,210,ILB,,,3.0,0.8132,Immediate,Southern Miss,
https://247sports.com/Player/John-Brannon-75588/,John Brannon,73.0,228,ILB,,,3.0,0.8123,,Texas State,
https://247sports.com/Player/Treshaun-Hayward-86095/,Treshaun Hayward,73.0,210,ILB,,,3.0,0.8120,Immediate,Western Michigan,
https://247sports.com/Player/Hal-Vinson-63672/,Hal Vinson,73.0,240,OLB,,,3.0,0.8113,,Texas State,
https://247sports.com/Player/Michael-Ruane-92699/,Michael Ruane,71.0,230,ILB,,,3.0,0.8113,Immediate,Massachusetts,
https://247sports.com/Player/Michael-Pitts-83057/,Michael Pitts,75.0,242,OLB,,,3.0,0.8098,Immediate,Cincinnati,
https://247sports.com/Player/Rashaad-Harding-88878/,Rashaad Harding,73.0,210,OLB,,,3.0,0.8092,,Louisiana-Monroe,
https://247sports.com/Player/Isaiah-Graham-Mobley-84226/,Isaiah Graham-Mobley,74.0,225,ILB,,,3.0,0.8082,Immediate,Temple,
https://247sports.com/Player/Anthony-Smith-92203/,Anthony Smith,71.0,195,ILB,,,3.0,0.8042,Immediate,Texas State,
https://247sports.com/Player/Tim-McClendon-46040953/,Tim McClendon,72.0,205,ILB,,,3.0,0.8004,,Air Force,
https://247sports.com/Player/Jacobi-Hearn-91233/,Jacobi Hearn,71.0,219,OLB,,,2.0,0.7905,Immediate,New Mexico,
https://247sports.com/Player/Keeath-Magee-II-77054/,Keeath Magee II,72.0,225,ILB,,,2.0,0.7903,Immediate,Texas A&amp;M,
https://247sports.com/Player/Zamar-Kirven-46042458/,Zamar Kirven,74.0,200,OLB,,,2.0,0.7903,,Houston,
https://247sports.com/Player/Rashie-Hodge-46045814/,Rashie Hodge,72.0,195,ILB,,,2.0,0.7855,,New Mexico State,
https://247sports.com/Player/Cortez-Hogans-46040338/,Cortez Hogans,75.0,190,OLB,,,2.0,0.7853,,Northern Illinois,
https://247sports.com/Player/Joseph-Ozougwu-79027/,Joseph Ozougwu,75.0,205,OLB,,,2.0,0.7832,Immediate,North Texas,
https://247sports.com/Player/Justin-Whisenhunt-89190/,Justin Whisenhunt,73.0,210,OLB,,,2.0,0.7790,Immediate,Troy,
https://247sports.com/Player/Xavier-Steele-90044/,Xavier Steele,71.0,190,OLB,,,2.0,0.7681,Immediate,Massachusetts,
https://247sports.com/Player/Damon-Lowe-76803/,Damon Lowe,74.0,235,ILB,,,2.0,0.7667,,Western Kentucky,
https://247sports.com/Player/Isaiah-Karriem-46097532/,Isaiah Karriem,72.0,220,ILB,,,2.0,0.7600,,Texas State,
https://247sports.com/Player/Jordan-Jones-83675/,Jordan Jones,73.0,200,ILB,,,2.0,0.7197,,UAB,
https://247sports.com/Player/Nyles-Gaddy-46053445/,Nyles Gaddy,76.0,226,OLB,,,0.0,,,Tennessee,Jackson State
https://247sports.com/Player/Jack-Gibbens-45573050/,Jack Gibbens,76.0,240,ILB,,,0.0,,Immediate,Minnesota,
https://247sports.com/Player/Christian-Gomez-38458/,Christian Gomez,73.0,205,OLB,,,0.0,,,Florida Atlantic,
https://247sports.com/Player/Chris-Kolarevic-83292/,Chris Kolarevic,73.0,215,ILB,,,0.0,,Immediate,Northern Iowa,Nebraska
https://247sports.com/Player/Cooper-Lucas-46050882/,Cooper Lucas,70.0,225,ILB,,,0.0,,,Arkansas State,
https://247sports.com/Player/Maika-Magalei-46044328/,Maika Magalei,74.0,220,OLB,,,0.0,,Immediate,Utah State,
https://247sports.com/Player/Justin-Michel-46050874/,Justin Michel,73.0,225,ILB,,,0.0,,,FIU,
https://247sports.com/Player/Johnathon-Weir-46079292/,Johnathon Weir,70.0,225,OLB,,,0.0,,,Massachusetts,
https://247sports.com/Player/Jaiden-Lars-Woodbey-84564/,Jaiden Lars-Woodbey,74.0,204,S,,,4.0,0.9814,Immediate,Florida State,
https://247sports.com/Player/Julian-Barnett-85396/,Julian Barnett,74.0,189,CB,,,4.0,0.9724,,Michigan State,
https://247sports.com/Player/Nigel-Knott-70347/,Nigel Knott,71.0,183,CB,,,4.0,0.9675,,East Carolina,
https://247sports.com/Player/Cyrus-Fagan-76976/,Cyrus Fagan,74.0,182,S,,,4.0,0.9548,Immediate,Florida State,NC State
https://247sports.com/Player/Kenyatta-Watson-II-89396/,Kenyatta Watson II,74.0,182,CB,,,4.0,0.9427,,Texas,Georgia Tech
https://247sports.com/Player/Christian-Williams-46048941/,Christian Williams,73.0,182,CB,,,4.0,0.9328,,Miami,
https://247sports.com/Player/Brandon-Burton-32272/,Brandon Burton,73.0,200,S,,,4.0,0.9250,Immediate,New Mexico,
https://247sports.com/Player/Taiyon-Palmer-75803/,Taiyon Palmer,72.0,178,CB,,,4.0,0.9035,,NC State,
https://247sports.com/Player/Isaiah-Robertson-57485/,Isaiah Robertson,75.0,190,S,,,4.0,0.8986,Immediate,Notre Dame,
https://247sports.com/Player/Russ-Yeast-46877/,Russ Yeast,70.5,178,S,,,4.0,0.8983,Immediate,Louisville,
https://247sports.com/Player/Tre-Shaw-77090/,Tre Shaw,72.0,190,CB,,,4.0,0.8919,,North Carolina,
https://247sports.com/Player/Trent-Gordon-78427/,Trent Gordon,71.0,180,CB,,,3.0,0.8858,,Penn State,
https://247sports.com/Player/Julius-Brents-89563/,Julius Brents,74.0,179,S,,,3.0,0.8842,,Iowa,
https://247sports.com/Player/Tre-Douglas-88174/,Tre Douglas,74.0,180,S,,,3.0,0.8835,,Vanderbilt,
https://247sports.com/Player/Javorrius-Selmon-46053820/,Javorrius Selmon,70.0,170,CB,,,3.0,0.8710,,Mississippi State,Jackson State
https://247sports.com/Player/Shilo-Sanders-85067/,Shilo Sanders,72.0,185,S,,,3.0,0.8706,,South Carolina,
https://247sports.com/Player/Dontye-Carriere-Williams-54826/,Dontye Carriere-Williams,71.0,185,CB,,,3.0,0.8701,Immediate,Vanderbilt,
https://247sports.com/Player/Cam-Jonas-91800/,Cam Jonas,73.0,187,S,,,3.0,0.8689,,Syracuse,
https://247sports.com/Player/Will-Jones-46051025/,Will Jones,69.0,170,CB,,,3.0,0.8668,,Kansas State,
https://247sports.com/Player/Jordan-Genmark-Heath-89312/,Jordan Genmark Heath,74.0,205,S,,,3.0,0.8649,Immediate,Notre Dame,UCLA
https://247sports.com/Player/Tank-Robinson-75941/,Tank Robinson,72.0,201,S,,,3.0,0.8643,,East Carolina,
https://247sports.com/Player/Geovonte-Howard-46083318/,Geovonte Howard,71.0,185,CB,,,3.0,0.8628,,Purdue,
https://247sports.com/Player/Stuart-Head-52377/,Stuart Head,76.0,190,S,,,3.0,0.8628,Immediate,Stanford,
https://247sports.com/Player/Quincy-Lenton-77384/,Quincy Lenton,71.0,205,S,,,3.0,0.8616,Immediate,Florida,
https://247sports.com/Player/Benjamin-Sapp-III-82071/,Benjamin Sapp III,73.0,205,S,,,3.0,0.8606,Immediate,Minnesota,Northern Iowa
https://247sports.com/Player/Clifford-Chattman-78303/,Clifford Chattman,77.0,190,CB,,,3.0,0.8590,Immediate,Texas A&amp;M,UTSA
https://247sports.com/Player/Bryson-Richardson-78572/,Bryson Richardson,72.0,195,S,,,3.0,0.8580,Pending Appeal,North Carolina,Massachusetts
https://247sports.com/Player/Tyrone-Lewis-46052932/,Tyrone Lewis,72.0,185,S,,,3.0,0.8573,,Kansas State,
https://247sports.com/Player/Tavian-Mayo-46049428/,Tavian Mayo,71.0,180,CB,,,3.0,0.8571,,West Virginia,
https://247sports.com/Player/Emmanuel-Rugamba-38016/,Emmanuel Rugamba,73.0,175,CB,,,3.0,0.8568,Immediate,Miami (OH),
https://247sports.com/Player/Baylen-Buchanan-69954/,Baylen Buchanan,71.0,197,CB,,,3.0,0.8568,Immediate,Tennessee,
https://247sports.com/Player/Myles-Wolfolk-58654/,Myles Wolfolk,72.0,195,S,,,3.0,0.8552,,North Carolina,
https://247sports.com/Player/Ronald-Delancy-III-46079963/,Ronald Delancy III,71.0,160,S,,,3.0,0.8551,,Nebraska,
https://247sports.com/Player/Telly-Plummer-46038454/,Telly Plummer,72.0,185,CB,,,3.0,0.8547,,Louisville,
https://247sports.com/Player/Lance-Robinson-46039524/,Lance Robinson,70.0,181,CB,,,3.0,0.8532,,Kansas State,
https://247sports.com/Player/Daraun-McKinney-46048514/,Daraun McKinney,70.0,170,CB,,,3.0,0.8510,,Iowa,
https://247sports.com/Player/Greg-Ross-38921/,Greg Ross,72.0,188,CB,,,3.0,0.8502,Immediate,Iowa State,
https://247sports.com/Player/Peyton-Woulard-94355/,Peyton Woulard,73.0,175,S,,,3.0,0.8490,,Wake Forest,
https://247sports.com/Player/Tae-Daley-79657/,Tae Daley,71.0,175,S,,,3.0,0.8488,Immediate,Vanderbilt,
https://247sports.com/Player/Bryce-Watts-86038/,Bryce Watts,72.0,165,CB,,,3.0,0.8479,,North Carolina,
https://247sports.com/Player/Tim-Barrow-89451/,Tim Barrow,71.0,185,S,,,3.0,0.8469,,Rutgers,
https://247sports.com/Player/Avonta-Crim-89213/,Avonta Crim,72.0,195,S,,,3.0,0.8465,,Western Kentucky,
https://247sports.com/Player/Tacorey-Turner-46046999/,Tacorey Turner,74.0,180,CB,,,3.0,0.8464,,West Virginia,
https://247sports.com/Player/Bronson-Boyd-86514/,Bronson Boyd,75.0,187,CB,,,3.0,0.8459,,Utah,
https://247sports.com/Player/Edric-Whitley-46085297/,Edric Whitley,71.0,160,CB,,,3.0,0.8445,,Arizona,
https://247sports.com/Player/Nick-Roberts-61746/,Nick Roberts,71.0,190,S,,,3.0,0.8439,,USF,
https://247sports.com/Player/Trey-Davis-46047259/,Trey Davis,73.0,1925,CB,,,3.0,0.8439,,Washington State,
https://247sports.com/Player/Garland-LaFrance-84031/,Garland LaFrance,69.5,169,S,,,3.0,0.8431,,Western Kentucky,
https://247sports.com/Player/Logan-Wilson-46040840/,Logan Wilson,70.5,165,CB,,,3.0,0.8424,,Louisiana-Monroe,
https://247sports.com/Player/Marquis-Waters-89360/,Marquis Waters,72.0,190,S,,,3.0,0.8412,Immediate,Duke,
https://247sports.com/Player/John-Davis-90921/,John Davis,72.5,170,CB,,,3.0,0.8412,,Texas Tech,
https://247sports.com/Player/Tony-Wallace-45572386/,Tony Wallace,70.0,180,CB,,,3.0,0.8412,,TCU,
https://247sports.com/Player/Isaiah-Essissima-46039961/,Isaiah Essissima,71.0,175,CB,,,3.0,0.8410,,Wake Forest,
https://247sports.com/Player/Antwan-Collier-78984/,Antwan Collier,75.0,178,CB,,,3.0,0.8406,,UCF,
https://247sports.com/Player/Garnett-Burke-46083321/,Garnett Burke,72.0,170,S,,,3.0,0.8399,,North Texas,
https://247sports.com/Player/Jarrett-Paul-85415/,Jarrett Paul,73.0,197,S,,,3.0,0.8375,,Rutgers,
https://247sports.com/Player/TonQuez-Ball-46048470/,Ton'Quez Ball,71.0,186,CB,,,3.0,0.8355,,Tulane,
https://247sports.com/Player/Kyle-Mayberry-81495/,Kyle Mayberry,70.5,165,CB,,,3.0,0.8340,,Kansas,
https://247sports.com/Player/Jevon-Jones-89534/,Jevon Jones,72.0,160,CB,,,3.0,0.8337,,Arkansas State,
https://247sports.com/Player/William-Anglen-46081422/,William Anglen,74.0,190,S,,,3.0,0.8335,,Colorado,
https://247sports.com/Player/Frank-Coppet-78378/,Frank Coppet,70.0,177,S,,,3.0,0.8334,Immediate,Vanderbilt,
https://247sports.com/Player/Avery-Showell-89158/,Avery Showell,73.0,192,S,,,3.0,0.8320,,Georgia Tech,
https://247sports.com/Player/Anthony-Johnson-94689/,Anthony Johnson,74.0,180,CB,,,3.0,0.8274,Immediate,Louisville,
https://247sports.com/Player/Romel-Goston-46053607/,Romel Goston,73.0,170,CB,,,3.0,0.8265,,Northern Illinois,
https://247sports.com/Player/Delano-Ware-46047855/,Delano Ware,72.0,220,S,,,3.0,0.8248,,Illinois,
https://247sports.com/Player/Skyler-Thomas-81032/,Skyler Thomas,69.0,175,S,,,3.0,0.8241,,Washington State,
https://247sports.com/Player/Antwain-Walker-46039877/,Antwain Walker,73.0,190,CB,,,3.0,0.8227,Pending Appeal,Northern Illinois,Temple
https://247sports.com/Player/Keshaun-Taylor-46085391/,Keshaun Taylor,72.0,195,S,,,3.0,0.8223,,Wyoming,
https://247sports.com/Player/Davon-Ferguson-46050165/,Davon Ferguson,71.0,190,S,,,3.0,0.8191,,Kansas,
https://247sports.com/Player/Jonathan-Alexander-46044774/,Jonathan Alexander,75.0,205,S,,,3.0,0.8163,,Kansas State,
https://247sports.com/Player/Demarcus-Governor-46051786/,Demarcus Governor,72.0,181,CB,,,3.0,0.8154,,Central Michigan,
https://247sports.com/Player/Tyrik-Henderson-79903/,Tyrik Henderson,71.0,165,CB,,,3.0,0.8143,,Northern Illinois,
https://247sports.com/Player/DJ-Ford-87888/,D.J. Ford,75.0,215,S,,,3.0,0.8115,Immediate,North Carolina,East Carolina
https://247sports.com/Player/Eric-Cuffee-47657/,Eric Cuffee,71.5,188,CB,,,3.0,0.8106,Immediate,New Mexico,
https://247sports.com/Player/Malik-Occiur-46039908/,Malik Occiur,71.5,189,S,,,3.0,0.8104,,Western Kentucky,
https://247sports.com/Player/Emanuel-Dabney-87745/,Emanuel Dabney,73.0,170,CB,,,3.0,0.8100,Immediate,Liberty,Liberty
https://247sports.com/Player/Vance-Vallair-87460/,Vance Vallair,73.0,180,CB,,,3.0,0.8092,,UTSA,
https://247sports.com/Player/Eric-Sutton-81184/,Eric Sutton,70.0,170,CB,,,3.0,0.8081,,SMU,Texas State
https://247sports.com/Player/Troy-Lefeged-46078813/,Troy Lefeged,72.0,185,S,,,3.0,0.8067,,Utah State,
https://247sports.com/Player/Pierce-Withers-46037293/,Pierce Withers,71.0,180,CB,,,3.0,0.8054,,Texas State,
https://247sports.com/Player/Tobias-Gilliam-75327/,Tobias Gilliam,72.0,185,S,,,3.0,0.8005,Immediate,Utah State,
https://247sports.com/Player/Jordan-Hendy-46052267/,Jordan Hendy,73.0,185,CB,,,3.0,0.8000,,Toledo,
https://247sports.com/Player/Robert-Kennedy-46049999/,Robert Kennedy,70.0,183,S,,,2.0,0.7955,,East Carolina,
https://247sports.com/Player/Duron-Lowe-46055089/,Duron Lowe,71.0,175,CB,,,2.0,0.7955,,UTEP,
https://247sports.com/Player/Keyshawn-Paul-46052455/,Keyshawn Paul,72.0,191,CB,,,2.0,0.7953,Pending Appeal,Connecticut,Temple
https://247sports.com/Player/Jaylen-DeCoteau-46054561/,Jaylen DeCoteau,72.0,180,CB,,,2.0,0.7942,,Kent State,
https://247sports.com/Player/Robert-King-83166/,Robert King,72.0,167,CB,,,2.0,0.7924,,Connecticut,
https://247sports.com/Player/TyRae-Thornton-87675/,TyRae Thornton,70.0,171,CB,,,2.0,0.7924,Immediate,Rice,
https://247sports.com/Player/Julian-Chandler-68828/,Julian Chandler,71.5,163,CB,,,2.0,0.7924,Immediate,Kansas,
https://247sports.com/Player/Adrion-Taylor-46046975/,Adrion Taylor,71.0,170,S,,,2.0,0.7902,,Navy,
https://247sports.com/Player/Elijah-Johnson-46048784/,Elijah Johnson,71.0,195,S,,,2.0,0.7898,,Massachusetts,
https://247sports.com/Player/Jeremiah-Salaam-92077/,Jeremiah Salaam,70.0,165,S,,,2.0,0.7898,,Kent State,
https://247sports.com/Player/Devyn-Butler-46037957/,Devyn Butler,70.0,175,CB,,,2.0,0.7898,,Texas Tech,
https://247sports.com/Player/Devon-Wharton-69208/,Devon Wharton,75.0,215,CB,,,2.0,0.7891,Immediate,Western Kentucky,
https://247sports.com/Player/Roger-Cray-63470/,Roger Cray,70.0,170,CB,,,2.0,0.7889,,Western Kentucky,
https://247sports.com/Player/Greg-Kelley-20744/,Greg Kelley,72.0,201,S,,,2.0,0.7858,,Texas,Eastern Michigan
https://247sports.com/Player/Shannon-Showers-46038565/,Shannon Showers,73.0,180,S,,,2.0,0.7857,,Southern Miss,
https://247sports.com/Player/Jordan-Oliver-46039090/,Jordan Oliver,71.0,165,CB,,,2.0,0.7853,,Louisiana-Monroe,
https://247sports.com/Player/Tyler-Glass-83913/,Tyler Glass,73.0,200,S,,,2.0,0.7844,,Louisiana-Monroe,
https://247sports.com/Player/Dennis-Barnes-46097265/,Dennis Barnes,72.0,170,CB,,,2.0,0.7800,,UTEP,
https://247sports.com/Player/Dyvonne-Inyang-46078866/,Dyvonne Inyang,73.0,180,S,,,2.0,0.7783,,UTEP,
https://247sports.com/Player/Akil-Francisco-93108/,Akil Francisco,72.0,160,CB,,,2.0,0.7743,,Hawaii,
https://247sports.com/Player/Grid-Isidore-45573041/,Grid Isidore,73.0,185,S,,,2.0,0.7700,,Texas State,
https://247sports.com/Player/Cedric-Stone-57556/,Cedric Stone,70.0,185,CB,,,2.0,0.7681,Immediate,Georgia State,Liberty
https://247sports.com/Player/Broderick-Harrell-88236/,Broderick Harrell,71.0,200,CB,,,2.0,0.7681,,UTEP,
https://247sports.com/Player/Jacione-Fugate-77481/,Jacione Fugate,71.0,179,S,,,2.0,0.7642,,Charlotte,
https://247sports.com/Player/Vincent-Thomas-46047364/,Vincent Thomas,70.0,170,S,,,2.0,0.7397,,Navy,
https://247sports.com/Player/Jesse-Johnson-46052087/,Jesse Johnson,72.0,170,CB,,,2.0,0.7096,,Eastern Illinois,
https://247sports.com/Player/Terin-Adams-30515/,Terin Adams,72.0,190,CB,,,0.0,,,Utah State,
https://247sports.com/Player/Lawuan-Axel-46081760/,Lawuan Axel,71.0,175,CB,,,0.0,,Immediate,,
https://247sports.com/Player/Taury-Dixon-76849/,Taury Dixon,69.0,165,CB,,,0.0,,,Mississippi State,
https://247sports.com/Player/Darion-Dunn-46110544/,Darion Dunn,73.0,192,CB,,,0.0,,Immediate,McNeese State,NC State
https://247sports.com/Player/Eric-Gallegos-46040148/,Eric Gallegos,68.5,175,CB,,,0.0,,,Oklahoma,
https://247sports.com/Player/Hunter-Goetz-91138/,Hunter Goetz,74.0,170,S,,,0.0,,,Liberty,
https://247sports.com/Player/Aaron-Kelly-81206/,Aaron Kelly,74.0,180,S,,,0.0,,,Massachusetts,
https://247sports.com/Player/Keilan-Knight-72556/,Keilan Knight,73.0,200,CB,,,0.0,,,UAB,
https://247sports.com/Player/Walter-Neil-46082963/,Walter Neil,69.0,174,CB,,,0.0,,Immediate,Kansas State,
https://247sports.com/Player/Xavior-Williams-46103521/,Xavior Williams,71.0,192,S,,,0.0,,Immediate,Northern Iowa,Northern Illinois
https://247sports.com/Player/Lincoln-Victor-46049570/,Lincoln Victor,70.0,165,ATH,,,3.0,0.8499,,Hawaii,
https://247sports.com/Player/Chase-McGrath-46046418/,Chase McGrath,72.0,190,K,,,3.0,0.8333,Immediate,USC,
https://247sports.com/Player/Dedrick-Wilson-46037987/,Dedrick Wilson,73.0,195,ATH,,,3.0,0.8165,,Army,UTSA
https://247sports.com/Player/Jack-Bouwmeester-46059557/,Jack Bouwmeester,74.0,194,P,,,3.0,0.8107,,Michigan State,
https://247sports.com/Player/Crews-Holt-87708/,Crews Holt,71.0,170,K,,,2.0,0.7542,Immediate,Middle Tennessee State,
https://247sports.com/Player/Brady-Buell-91478/,Brady Buell,72.0,190,K,,,2.0,0.7541,,Central Michigan,
https://247sports.com/Player/Christopher-Bartolic-46079611/,Christopher Bartolic,73.0,190,P,,,0.0,,,Utah State,
https://247sports.com/Player/Drew-Homschek-46058052/,Drew Homschek,73.0,195,ATH,,,0.0,,,North Carolina,
https://247sports.com/Player/Will-Mobley-46097493/,Will Mobley,68.0,170,K,,,0.0,,Immediate,Temple,
https://247sports.com/Player/Josh-Plaster-46093979/,Josh Plaster,72.0,176,P,,,0.0,,,Arizona State,
https://247sports.com/Player/Gerald-Smith-71514/,Gerald Smith,71.0,178,ATH,,,0.0,,,Ball State,
https://247sports.com/Player/Kyle-Thompson-46086199/,Kyle Thompson,76.0,222,P,,,0.0,,Immediate,Kansas,
